"filename", "language", "C++", "GLSL", "HTML", "comment", "blank", "total"
"c:\Users\ernes\Documents\Creations\amara2\amara2\actions\amara2_action.cpp", "C++", 202, 0, 0, 2, 34, 238
"c:\Users\ernes\Documents\Creations\amara2\amara2\actions\amara2_animation.cpp", "C++", 184, 0, 0, 0, 24, 208
"c:\Users\ernes\Documents\Creations\amara2\amara2\actions\amara2_autoProgress.cpp", "C++", 107, 0, 0, 0, 20, 127
"c:\Users\ernes\Documents\Creations\amara2\amara2\actions\amara2_delayNode.cpp", "C++", 53, 0, 0, 0, 9, 62
"c:\Users\ernes\Documents\Creations\amara2\amara2\actions\amara2_loader.cpp", "C++", 250, 0, 0, 0, 44, 294
"c:\Users\ernes\Documents\Creations\amara2\amara2\actions\amara2_processNode.cpp", "C++", 122, 0, 0, 0, 21, 143
"c:\Users\ernes\Documents\Creations\amara2\amara2\actions\amara2_repeatAction.cpp", "C++", 59, 0, 0, 0, 8, 67
"c:\Users\ernes\Documents\Creations\amara2\amara2\actions\amara2_stateMachine.cpp", "C++", 320, 0, 0, 0, 51, 371
"c:\Users\ernes\Documents\Creations\amara2\amara2\actions\amara2_textInput.cpp", "C++", 98, 0, 0, 0, 14, 112
"c:\Users\ernes\Documents\Creations\amara2\amara2\actions\amara2_tween.cpp", "C++", 243, 0, 0, 0, 36, 279
"c:\Users\ernes\Documents\Creations\amara2\amara2\actions\amara2_waitAction.cpp", "C++", 43, 0, 0, 0, 4, 47
"c:\Users\ernes\Documents\Creations\amara2\amara2\amara2.hpp", "C++", 217, 0, 0, 0, 65, 282
"c:\Users\ernes\Documents\Creations\amara2\amara2\assets\amara2_asset.cpp", "C++", 29, 0, 0, 0, 7, 36
"c:\Users\ernes\Documents\Creations\amara2\amara2\assets\amara2_audioAsset.cpp", "C++", 157, 0, 0, 0, 42, 199
"c:\Users\ernes\Documents\Creations\amara2\amara2\assets\amara2_fontAsset.cpp", "C++", 462, 0, 0, 3, 114, 579
"c:\Users\ernes\Documents\Creations\amara2\amara2\assets\amara2_imageAsset.cpp", "C++", 203, 0, 0, 2, 45, 250
"c:\Users\ernes\Documents\Creations\amara2\amara2\assets\amara2_tmxTilemapAsset.cpp", "C++", 478, 0, 0, 0, 64, 542
"c:\Users\ernes\Documents\Creations\amara2\amara2\audio\amara2_audio.cpp", "C++", 275, 0, 0, 0, 51, 326
"c:\Users\ernes\Documents\Creations\amara2\amara2\audio\amara2_audioGroup.cpp", "C++", 149, 0, 0, 0, 11, 160
"c:\Users\ernes\Documents\Creations\amara2\amara2\audio\amara2_audioMaster.cpp", "C++", 42, 0, 0, 0, 8, 50
"c:\Users\ernes\Documents\Creations\amara2\amara2\audio\amara2_audioPool.cpp", "C++", 122, 0, 0, 0, 16, 138
"c:\Users\ernes\Documents\Creations\amara2\amara2\factories\amara2_animationFactory.cpp", "C++", 164, 0, 0, 0, 26, 190
"c:\Users\ernes\Documents\Creations\amara2\amara2\factories\amara2_nodeFactory.cpp", "C++", 378, 0, 0, 0, 97, 475
"c:\Users\ernes\Documents\Creations\amara2\amara2\factories\amara2_scriptFactory.cpp", "C++", 112, 0, 0, 0, 9, 121
"c:\Users\ernes\Documents\Creations\amara2\amara2\garden\amara2_creator.cpp", "C++", 412, 0, 0, 1, 78, 491
"c:\Users\ernes\Documents\Creations\amara2\amara2\garden\amara2_demiurge.cpp", "C++", 118, 0, 0, 0, 34, 152
"c:\Users\ernes\Documents\Creations\amara2\amara2\geometry\amara2_geometry.cpp", "C++", 418, 0, 0, 4, 76, 498
"c:\Users\ernes\Documents\Creations\amara2\amara2\geometry\amara2_shapes.cpp", "C++", 838, 0, 0, 2, 80, 920
"c:\Users\ernes\Documents\Creations\amara2\amara2\geometry\amara2_vectors.cpp", "C++", 483, 0, 0, 2, 39, 524
"c:\Users\ernes\Documents\Creations\amara2\amara2\input\amara2_button.cpp", "C++", 48, 0, 0, 0, 7, 55
"c:\Users\ernes\Documents\Creations\amara2\amara2\input\amara2_controlManager.cpp", "C++", 81, 0, 0, 0, 11, 92
"c:\Users\ernes\Documents\Creations\amara2\amara2\input\amara2_controlScheme.cpp", "C++", 187, 0, 0, 0, 17, 204
"c:\Users\ernes\Documents\Creations\amara2\amara2\input\amara2_gamepad.cpp", "C++", 459, 0, 0, 3, 68, 530
"c:\Users\ernes\Documents\Creations\amara2\amara2\input\amara2_inputManager.cpp", "C++", 102, 0, 0, 0, 30, 132
"c:\Users\ernes\Documents\Creations\amara2\amara2\input\amara2_keyboard.cpp", "C++", 177, 0, 0, 5, 19, 201
"c:\Users\ernes\Documents\Creations\amara2\amara2\input\amara2_mouse.cpp", "C++", 54, 0, 0, 0, 11, 65
"c:\Users\ernes\Documents\Creations\amara2\amara2\input\amara2_nodeInput.cpp", "C++", 126, 0, 0, 0, 22, 148
"c:\Users\ernes\Documents\Creations\amara2\amara2\input\amara2_pointer.cpp", "C++", 51, 0, 0, 0, 13, 64
"c:\Users\ernes\Documents\Creations\amara2\amara2\input\amara2_touchHandler.cpp", "C++", 84, 0, 0, 0, 10, 94
"c:\Users\ernes\Documents\Creations\amara2\amara2\main\emscripten_shell.html", "HTML", 0, 0, 135, 0, 17, 152
"c:\Users\ernes\Documents\Creations\amara2\amara2\main\main.cpp", "C++", 48, 0, 0, 0, 9, 57
"c:\Users\ernes\Documents\Creations\amara2\amara2\managers\amara2_assetManager.cpp", "C++", 76, 0, 0, 0, 17, 93
"c:\Users\ernes\Documents\Creations\amara2\amara2\managers\amara2_eventHandler.cpp", "C++", 458, 0, 0, 0, 66, 524
"c:\Users\ernes\Documents\Creations\amara2\amara2\managers\amara2_functionManager.cpp", "C++", 199, 0, 0, 0, 34, 233
"c:\Users\ernes\Documents\Creations\amara2\amara2\managers\amara2_gameManager.cpp", "C++", 115, 0, 0, 0, 16, 131
"c:\Users\ernes\Documents\Creations\amara2\amara2\managers\amara2_gameProps.cpp", "C++", 141, 0, 0, 0, 46, 187
"c:\Users\ernes\Documents\Creations\amara2\amara2\managers\amara2_garbage.cpp", "C++", 131, 0, 0, 0, 25, 156
"c:\Users\ernes\Documents\Creations\amara2\amara2\managers\amara2_messageBox.cpp", "C++", 91, 0, 0, 0, 16, 107
"c:\Users\ernes\Documents\Creations\amara2\amara2\managers\amara2_messages.cpp", "C++", 68, 0, 0, 0, 14, 82
"c:\Users\ernes\Documents\Creations\amara2\amara2\managers\amara2_shaderManager.cpp", "C++", 321, 0, 0, 0, 40, 361
"c:\Users\ernes\Documents\Creations\amara2\amara2\managers\amara2_systemManager.cpp", "C++", 1260, 0, 0, 15, 177, 1452
"c:\Users\ernes\Documents\Creations\amara2\amara2\nodes\amara2_camera.cpp", "C++", 383, 0, 0, 3, 77, 463
"c:\Users\ernes\Documents\Creations\amara2\amara2\nodes\amara2_container.cpp", "C++", 176, 0, 0, 0, 33, 209
"c:\Users\ernes\Documents\Creations\amara2\amara2\nodes\amara2_copyNode.cpp", "C++", 74, 0, 0, 0, 16, 90
"c:\Users\ernes\Documents\Creations\amara2\amara2\nodes\amara2_fillCircle.cpp", "C++", 294, 0, 0, 3, 61, 358
"c:\Users\ernes\Documents\Creations\amara2\amara2\nodes\amara2_fillRect.cpp", "C++", 78, 0, 0, 0, 20, 98
"c:\Users\ernes\Documents\Creations\amara2\amara2\nodes\amara2_group.cpp", "C++", 13, 0, 0, 0, 1, 14
"c:\Users\ernes\Documents\Creations\amara2\amara2\nodes\amara2_nineSlice.cpp", "C++", 609, 0, 0, 10, 107, 726
"c:\Users\ernes\Documents\Creations\amara2\amara2\nodes\amara2_node.cpp", "C++", 1181, 0, 0, 0, 223, 1404
"c:\Users\ernes\Documents\Creations\amara2\amara2\nodes\amara2_nodePool.cpp", "C++", 41, 0, 0, 0, 7, 48
"c:\Users\ernes\Documents\Creations\amara2\amara2\nodes\amara2_particleEmitter.cpp", "C++", 622, 0, 0, 2, 90, 714
"c:\Users\ernes\Documents\Creations\amara2\amara2\nodes\amara2_pathFinder.cpp", "C++", 64, 0, 0, 0, 14, 78
"c:\Users\ernes\Documents\Creations\amara2\amara2\nodes\amara2_repeatSprite.cpp", "C++", 171, 0, 0, 2, 26, 199
"c:\Users\ernes\Documents\Creations\amara2\amara2\nodes\amara2_scene.cpp", "C++", 117, 0, 0, 0, 24, 141
"c:\Users\ernes\Documents\Creations\amara2\amara2\nodes\amara2_shaderContainer.cpp", "C++", 229, 0, 0, 0, 40, 269
"c:\Users\ernes\Documents\Creations\amara2\amara2\nodes\amara2_sprite.cpp", "C++", 497, 0, 0, 5, 82, 584
"c:\Users\ernes\Documents\Creations\amara2\amara2\nodes\amara2_text.cpp", "C++", 648, 0, 0, 0, 113, 761
"c:\Users\ernes\Documents\Creations\amara2\amara2\nodes\amara2_textureContainer.cpp", "C++", 513, 0, 0, 0, 104, 617
"c:\Users\ernes\Documents\Creations\amara2\amara2\nodes\amara2_webserver.cpp", "C++", 147, 0, 0, 1, 23, 171
"c:\Users\ernes\Documents\Creations\amara2\amara2\nodes\amara2_world.cpp", "C++", 1218, 0, 0, 1, 178, 1397
"c:\Users\ernes\Documents\Creations\amara2\amara2\nodes\tilemap\amara2_tilemap.cpp", "C++", 374, 0, 0, 0, 97, 471
"c:\Users\ernes\Documents\Creations\amara2\amara2\nodes\tilemap\amara2_tilemapLayer.cpp", "C++", 298, 0, 0, 3, 56, 357
"c:\Users\ernes\Documents\Creations\amara2\amara2\physics\amara2_collider.cpp", "C++", 310, 0, 0, 0, 51, 361
"c:\Users\ernes\Documents\Creations\amara2\amara2\rendering\amara2_gpuHandler.cpp", "C++", 9, 0, 0, 0, 1, 10
"c:\Users\ernes\Documents\Creations\amara2\amara2\rendering\amara2_openGL.cpp", "C++", 306, 0, 0, 1, 24, 331
"c:\Users\ernes\Documents\Creations\amara2\amara2\rendering\amara2_renderBatch.cpp", "C++", 268, 0, 0, 3, 49, 320
"c:\Users\ernes\Documents\Creations\amara2\amara2\rendering\amara2_renderUtility.cpp", "C++", 76, 0, 0, 0, 5, 81
"c:\Users\ernes\Documents\Creations\amara2\amara2\rendering\shaders\amara2_shaderProgram.cpp", "C++", 161, 0, 0, 0, 16, 177
"c:\Users\ernes\Documents\Creations\amara2\amara2\samples\shaders\boxBlur.frag", "GLSL", 0, 20, 0, 1, 7, 28
"c:\Users\ernes\Documents\Creations\amara2\amara2\samples\shaders\gaussianHorizontal.frag", "GLSL", 0, 17, 0, 4, 7, 28
"c:\Users\ernes\Documents\Creations\amara2\amara2\samples\shaders\gaussianVertical.frag", "GLSL", 0, 17, 0, 4, 7, 28
"c:\Users\ernes\Documents\Creations\amara2\amara2\samples\shaders\outline.frag", "GLSL", 0, 29, 0, 1, 8, 38
"c:\Users\ernes\Documents\Creations\amara2\amara2\transitions\amara2_fillTransition.cpp", "C++", 123, 0, 0, 2, 21, 146
"c:\Users\ernes\Documents\Creations\amara2\amara2\transitions\amara2_transition.cpp", "C++", 114, 0, 0, 0, 15, 129
"c:\Users\ernes\Documents\Creations\amara2\amara2\utility\amara2_color.cpp", "C++", 279, 0, 0, 1, 16, 296
"c:\Users\ernes\Documents\Creations\amara2\amara2\utility\amara2_easing.cpp", "C++", 251, 0, 0, 1, 25, 277
"c:\Users\ernes\Documents\Creations\amara2\amara2\utility\amara2_encryption.cpp", "C++", 96, 0, 0, 0, 26, 122
"c:\Users\ernes\Documents\Creations\amara2\amara2\utility\amara2_enums.cpp", "C++", 169, 0, 0, 0, 28, 197
"c:\Users\ernes\Documents\Creations\amara2\amara2\utility\amara2_jsonUtility.cpp", "C++", 34, 0, 0, 0, 5, 39
"c:\Users\ernes\Documents\Creations\amara2\amara2\utility\amara2_luaUtlity.cpp", "C++", 441, 0, 0, 0, 66, 507
"c:\Users\ernes\Documents\Creations\amara2\amara2\utility\amara2_string.cpp", "C++", 201, 0, 0, 11, 27, 239
"c:\Users\ernes\Documents\Creations\amara2\amara2\utility\amara2_utility.cpp", "C++", 65, 0, 0, 4, 13, 82
"Total", "-", 21665, 83, 135, 102, 3621, 25606